Input,Trial,Treatment,time,heart_rate,sd,std_err,confidence,start,end
0,Trial1,17up,8/8/25 9:20,122.2410866,0.047562723,0.008542517,Good,136,152
0,Trial1,17up,8/8/25 9:30,102.295082,0.074239736,0.014287444,Good,56,72
0,Trial1,17up,8/8/25 9:40,163.3711507,0.085804673,0.01308509,Good,56,72
0,Trial1,17up,8/8/25 9:50,165.2459016,0.09787967,0.01492651,Good,6,22
0,Trial1,17up,8/8/25 10:00,164.5536869,0.129201873,0.017582148,Good,86,106
0,Trial1,17up,8/8/25 10:10,200.7434944,0.05788791,0.008535107,Good,210,224
0,Trial1,17up,8/8/25 10:20,123.3333333,0.210471205,0,Good,140,158
0,Trial1,17up,8/8/25 10:30,80,0.238235417,0,Good,64,82
0,Trial1,17up,8/8/25 10:40,83.33333333,0.242916969,0,Good,50,68
0,Trial1,17up,8/8/25 10:50,96.66666667,0.242555835,0,Good,50,68
0,Trial1,17up,8/8/25 11:00,103.3333333,0.203669298,0,Good,50,68
0,Trial1,17up,8/8/25 11:10,83.33333333,0.172741377,0,Good,50,68
0,Trial1,17up,8/8/25 11:20,86.25,0.112215248,0,Good,56,72
0,Trial1,17up,8/8/25 11:30,101.25,0.156195166,0,Good,102,118
0,Trial1,17up,8/8/25 11:40,96.66666667,0.106019425,0,Good,92,110
0,Trial1,17up,8/8/25 11:50,116.6666667,0.193084118,0,Good,110,128
0,Trial1,17up,8/8/25 12:00,136.6666667,0.160610813,0,Good,22,40
0,Trial1,17up,8/8/25 12:10,173.3333333,0.194695856,0,Good,32,50
0,Trial1,17up,8/8/25 12:20,130,0.100455976,0,Good,120,138
0,Trial1,17up,8/8/25 12:30,210,0.235044322,0,Good,108,126
0,Trial1,17up,8/8/25 12:40,323.3333333,0.040581233,0,Good,112,130
0,Trial1,17up,8/8/25 12:50,296.6666667,0.122148788,0,Good,82,100
0,Trial1,17up,8/8/25 13:00,300,0.092203331,0,Good,92,108
0,Trial1,17up,8/8/25 13:10,251.25,0.090193795,0,Good,24,40
0,Trial1,17up,8/8/25 13:20,176.25,0.133302759,0,Good,6,22
0,Trial1,17up,8/8/25 13:30,193.3333333,0.17131916,0,Good,86,104
0,Trial1,17up,8/8/25 13:40,0,0,0,Zero,142,166
0,Trial1,17up,8/8/25 13:50,5.979638301,0.172298441,0,Discard,0,581.975
0,Trial1,17up,8/8/25 14:00,5.979638301,0.160771706,0,Discard,0,581.975
0,Trial1,17up,8/8/25 14:10,5.979638301,0.164497976,0,Discard,0,581.975
0,Trial1,17up,8/8/25 14:20,5.979638301,0.182880074,0,Discard,0,581.975
0,Trial1,17up,8/8/25 14:30,5.979638301,0.189549273,0,Discard,0,581.975
0,Trial1,17up,8/8/25 14:40,174,0.171128185,0,Discard,22,42
1,Trial1,17up,8/8/25 9:20,120.4755614,0.029282858,0.00468901,Good,74,94
1,Trial1,17up,8/8/25 9:30,124.0310078,0.091733659,0.014326391,Good,38,58
1,Trial1,17up,8/8/25 9:40,192.8571429,0.203480741,0,Good,134,148
1,Trial1,17up,8/8/25 9:50,140.4682274,0.073357362,0.012226227,Good,60,76
1,Trial1,17up,8/8/25 10:00,187.5,0.113160386,0,Good,114,130
1,Trial1,17up,8/8/25 10:10,159.4095941,0.095607913,0.015717844,Good,58,72
1,Trial1,17up,8/8/25 10:20,222.8571429,0.085202876,0,Good,58,72
1,Trial1,17up,8/8/25 10:30,295.7142857,0.131536735,0,Good,84,98
1,Trial1,17up,8/8/25 10:40,204.5016077,0.017780001,0.002419552,Good,50,66
1,Trial1,17up,8/8/25 10:50,227.1428571,0.018203641,0,Good,106,120
1,Trial1,17up,8/8/25 11:00,225,0.137345704,0,Good,116,132
1,Trial1,17up,8/8/25 11:10,251.25,0.134093543,0,Good,66,82
1,Trial1,17up,8/8/25 11:20,262.5,0.118535001,0,Good,102,118
1,Trial1,17up,8/8/25 11:30,258.75,0.208580157,0,Good,144,160
1,Trial1,17up,8/8/25 11:40,228.75,0.182853158,0,Good,58,74
1,Trial1,17up,8/8/25 11:50,202.5,0.201539704,0,Good,44,60
1,Trial1,17up,8/8/25 12:00,210,0.171023243,0,Good,80,96
1,Trial1,17up,8/8/25 12:10,206.25,0.157688273,0,Good,38,54
1,Trial1,17up,8/8/25 12:20,192.8571429,0.161744522,0,Good,86,100
1,Trial1,17up,8/8/25 12:30,285,0.272321069,0,Good,124,140
1,Trial1,17up,8/8/25 12:40,371.25,0.278847175,0,Good,122,138
1,Trial1,17up,8/8/25 12:50,471.4285714,0.508446879,0,Good,160,174
1,Trial1,17up,8/8/25 13:00,457.5,0.434141242,0,Good,110,126
1,Trial1,17up,8/8/25 13:10,371.25,0.205370193,0,Good,112,128
1,Trial1,17up,8/8/25 13:20,296.25,0.197634499,0,Good,92,108
1,Trial1,17up,8/8/25 13:30,287.1428571,0.191496265,0,Good,92,106
1,Trial1,17up,8/8/25 13:40,148.0373832,0.192207324,0.032963284,Good,92,106
1,Trial1,17up,8/8/25 13:50,0,0,0,Zero,22,38
1,Trial1,17up,8/8/25 14:00,143.7193706,0.160893598,0.004309306,Discard,0,581.975
1,Trial1,17up,8/8/25 14:10,151.8908919,0.155366911,0.00404953,Discard,0,581.975
1,Trial1,17up,8/8/25 14:20,157.7019007,0.154909019,0.003961621,Discard,0,581.975
1,Trial1,17up,8/8/25 14:30,159.1126016,0.145032119,0.003692166,Discard,0,581.975
1,Trial1,17up,8/8/25 14:40,155.5891654,0.157239656,0.005117715,Discard,0,364.275
0,Trial1,17up,8/8/25 9:20,144.4126074,0.092715205,0.014138936,Good,506,524
0,Trial1,17up,8/8/25 9:30,75.88235294,0.357141052,0,Good,400,434
0,Trial1,17up,8/8/25 9:40,72.35294118,0.274627416,0,Good,474,508
0,Trial1,17up,8/8/25 9:50,189,0.083990348,0,Good,438,458
0,Trial1,17up,8/8/25 10:00,162,0.140661917,0,Good,328,348
0,Trial1,17up,8/8/25 10:10,196.6666667,0.135213965,0,Good,298,316
0,Trial1,17up,8/8/25 10:20,96,0.324410135,0,Good,532,552
0,Trial1,17up,8/8/25 10:30,126.6666667,0.165115079,0,Good,432,450
0,Trial1,17up,8/8/25 10:40,113.3333333,0.231251362,0,Good,460,478
0,Trial1,17up,8/8/25 10:50,226.6666667,0.150837674,0,Good,440,458
0,Trial1,17up,8/8/25 11:00,130,0.142239737,0,Good,530,548
0,Trial1,17up,8/8/25 11:10,108,0.202700029,0,Good,430,450
0,Trial1,17up,8/8/25 11:20,93.33333333,0.21670482,0,Good,452,470
0,Trial1,17up,8/8/25 11:30,113.3333333,0.259061626,0,Good,360,378
0,Trial1,17up,8/8/25 11:40,126.6666667,0.328576173,0,Good,468,486
0,Trial1,17up,8/8/25 11:50,126,0.235619045,0,Good,486,506
0,Trial1,17up,8/8/25 12:00,143.3333333,0.291349355,0,Good,412,430
0,Trial1,17up,8/8/25 12:10,156.6666667,0.200472004,0,Good,478,496
0,Trial1,17up,8/8/25 12:20,207,0.184741831,0,Good,334,354
0,Trial1,17up,8/8/25 12:30,354,0.120105929,0,Good,464,484
0,Trial1,17up,8/8/25 12:40,306.6666667,0.047370866,0,Good,390,408
0,Trial1,17up,8/8/25 12:50,286.6666667,0.056350007,0,Good,458,476
0,Trial1,17up,8/8/25 13:00,265.8992806,0.052090197,0.005898053,Good,474,492
0,Trial1,17up,8/8/25 13:10,196.6666667,0.229139985,0,Good,482,500
0,Trial1,17up,8/8/25 13:20,253.3333333,0.14030359,0,Good,536,554
0,Trial1,17up,8/8/25 13:30,172.5,0.145931127,0,Good,454,470
1,Trial1,17up,8/8/25 9:20,165.7553957,0.017096086,0.002442298,Good,528,546
1,Trial1,17up,8/8/25 9:30,156.5957447,0.024183527,0.00352753,Good,528,546
1,Trial1,17up,8/8/25 9:40,149.3487699,0.054114998,0.008158143,Good,528,546
1,Trial1,17up,8/8/25 9:50,147.8374836,0.108874275,0.015714648,Good,356,376
1,Trial1,17up,8/8/25 10:00,180.7792208,0.041303621,0.005377273,Good,326,346
1,Trial1,17up,8/8/25 10:10,188.6597938,0.069541826,0.008831821,Good,356,376
1,Trial1,17up,8/8/25 10:20,165,0.084120024,0,Good,374,394
1,Trial1,17up,8/8/25 10:30,167.5213675,0.061531613,0.008701884,Good,354,372
1,Trial1,17up,8/8/25 10:40,213.8613861,0.041261471,0.005157684,Good,354,372
1,Trial1,17up,8/8/25 10:50,233.2480818,0.061619233,0.007022163,Good,424,444
1,Trial1,17up,8/8/25 11:00,255,0.117945279,0,Good,448,468
1,Trial1,17up,8/8/25 11:10,258,0.156054201,0,Good,394,414
1,Trial1,17up,8/8/25 11:20,273,0.136891636,0,Good,366,386
1,Trial1,17up,8/8/25 11:30,243,0.178371121,0,Good,396,416
1,Trial1,17up,8/8/25 11:40,237,0.279088757,0,Good,490,510
1,Trial1,17up,8/8/25 11:50,210,0.231960566,0,Good,494,512
1,Trial1,17up,8/8/25 12:00,129,0.243651589,0,Good,526,546
1,Trial1,17up,8/8/25 12:10,173.3333333,0.170090628,0,Good,510,528
1,Trial1,17up,8/8/25 12:20,210,0.270924731,0,Good,450,470
1,Trial1,17up,8/8/25 12:30,405,0.319232912,0,Good,456,476
1,Trial1,17up,8/8/25 12:40,447,0.28312658,0,Good,492,512
1,Trial1,17up,8/8/25 12:50,462,0.406038698,0,Good,464,474
1,Trial1,17up,8/8/25 13:00,420,0.201240999,0,Good,444,456
1,Trial1,17up,8/8/25 13:10,307.5,0.193195768,0,Good,542,558
1,Trial1,17up,8/8/25 13:20,307.9812207,0.259807621,0,Good,566,581.975
1,Trial1,17up,8/8/25 13:30,183.75,0.291144837,0,Good,496,512
1,Trial1,17up,8/8/25 13:40,82.3880597,0.072810599,0.014862401,Good,298,316